{"cameraMode":{"drawMode":0,"name":"Shaded","section":"Shading Mode"},"sceneLighting":true,"audioPlay":false,"sceneViewState":{"m_AlwaysRefresh":true,"showFog":true,"showSkybox":true,"showFlares":true,"showImageEffects":true,"showParticleSystems":true,"showVisualEffectGraphs":true,"m_FxEnabled":true},"in2DMode":false,"pivot":{"x":-3.5024170875549318,"y":2.2416021823883058,"z":-5.112443923950195},"rotation":{"x":0.08565382659435272,"y":0.03347441181540489,"z":-0.0028790587093681099,"w":0.995758593082428},"size":3.037869691848755,"orthographic":false}